participant_number,target_word,target_word_pos,position_time_pairs,file-name,upload-time-stamp,primary_key
1,rouillures,4065,"[[-4065, 3.16], [-2537, 12.21], [-2411, 14.3], [-14, 19.08], [-163, 21.87], [-128, 28.8], [-240, 28.8], [-234, 29.36], [-3, 32.17], [2, 33.25], [0, 35.14]]",p1-190832.csv,"2025-11-17 09:27:13.555474",21
1,vestiaires,4780,"[[-4780, 1.88], [-415, 5.6], [-1933, 7.95], [-17, 12.28], [5, 16.8], [1, 17.76], [8, 19.12], [6, 19.5], [7, 20.05], [-22, 25.06], [2, 30.03], [0, 31.9]]",p1-190832.csv,"2025-11-17 09:27:13.555474",22
1,dindon,1466,"[[-1466, 1.33], [2, 8.74], [0, 10.2]]",p1-190832.csv,"2025-11-17 09:27:13.555474",23
1,récurrence,3783,"[[-3783, 1.06], [-3598, 2.48], [90, 6.34], [48, 7.03], [163, 9.38], [-35, 11.99], [-50, 14.45], [-36, 17.65], [-38, 17.99], [1, 26.59], [0, 27.79]]",p1-190832.csv,"2025-11-17 09:27:13.555474",24
1,galonner,2026,"[[-2026, 1.15], [89, 6.51], [-37, 7.83], [15, 9.6], [18, 10.34], [-2, 13.69]]",p1-190832.csv,"2025-11-17 09:27:13.555474",26
1,raison,3691,"[[-3691, 2.02], [57, 10.35], [-6, 11.4], [-6, 12.58], [0, 13.72], [-1, 14.22], [0, 15.42]]",p1-190832.csv,"2025-11-17 09:27:13.555474",28
1,vulvaires,4883,"[[-4659, 3.78], [-172, 10.6], [-392, 11.11], [-172, 12.58], [-413, 14.73], [-329, 15.2], [-874, 19.75], [-267, 22.16], [-350, 22.55], [-57, 23.31], [-120, 23.58], [-89, 24.08], [-110, 25.74], [-110, 25.74], [-39, 33.61], [-41, 34.22], [4, 39.08], [-3, 41.05], [-3, 41.05], [-1, 41.76], [-2, 42.57], [1, 43.35], [0, 44.57]]",p1-190832.csv,"2025-11-17 09:27:13.555474",29
1,gaspillages,2038,"[[-2038, 2.03], [118, 4.76], [24, 6.48], [-4, 9.68], [-3, 10.09], [-4, 10.23], [0, 11.22], [-4, 11.8], [-1, 12.5], [-9, 13.92], [2, 15.43], [-1, 16.12], [0, 17.32]]",p1-190832.csv,"2025-11-17 09:27:13.555474",30
1,damasquinerie,1213,"[[-1213, 1.18], [127, 3.89], [-20, 5.87], [3, 9.26], [8, 10.26], [-1, 12.16], [0, 13.3]]",p1-190832.csv,"2025-11-17 09:27:13.555474",31
1,voiture,4854,"[[-4854, 1.13], [35, 3.35], [-143, 4.97], [-39, 7.15], [-28, 8.15], [3, 9.57], [-7, 10.6], [2, 12.37], [0, 13.76]]",p1-190832.csv,"2025-11-17 09:27:13.555474",32
100,guerre,2122,"[[-2122, 1.55], [-428, 2.98], [-12, 5.65], [-7, 7.98], [317, 9.07], [153, 9.07], [37, 11.21], [-196, 12.28], [-302, 15.69], [-428, 19.87], [56, 19.87], [34, 20.18], [-128, 20.63], [-128, 22.36], [-74, 27.22], [46, 28.75], [2, 35.51], [2, 35.51], [7, 37.48], [2, 40.05], [1, 41.1], [0, 43.04]]",p100-114659.csv,"2025-11-17 10:53:40.225847",45
100,gaspillages,2038,"[[-2038, 1.75], [-131, 5.56], [-131, 5.56], [-236, 14.14], [-147, 19.96], [-54, 20.98], [24, 22.98], [24, 22.98], [-13, 26.06], [0, 34.04]]",p100-114659.csv,"2025-11-17 10:53:40.225847",46
100,vestiaires,4780,"[[-4780, 6.33], [-4779, 7.81], [-646, 9.2], [-1218, 9.2], [-1218, 10.35], [-433, 10.35], [-306, 12.82], [-103, 14.78], [13, 17.15], [13, 17.15], [-40, 21.11], [3, 25.19], [-2, 26.4], [0, 32.34]]",p100-114659.csv,"2025-11-17 10:53:40.225847",47
100,damasquinerie,1213,"[[-1213, 1.7], [-1210, 3.69], [-410, 5.39], [26, 7.37], [26, 7.37], [-3, 10.73], [3, 12.37], [0, 15.41]]",p100-114659.csv,"2025-11-17 10:53:40.225847",48
100,rouillures,4065,"[[-4063, 2.49], [-435, 4.32], [-996, 4.32], [-966, 4.58], [80, 6.06], [-56, 7.59], [-56, 7.59], [11, 11.38], [1, 12.97], [2, 13.29], [-1, 13.98], [0, 15.82]]",p100-114659.csv,"2025-11-17 10:53:40.225847",49
100,galonner,2026,"[[-2026, 1.58], [-371, 2.81], [142, 5.22], [142, 5.22], [-16, 16.13], [-3, 19.58], [-3, 19.58], [-5, 20.73], [-4, 21.1], [-5, 21.51], [-3, 29.91], [0, 34.25]]",p100-114659.csv,"2025-11-17 10:53:40.225847",50
100,vulvaires,4883,"[[-4883, 1.6], [-488, 2.83], [-285, 3.91], [-138, 6.01], [0, 17.05], [-2, 17.49], [0, 19.63]]",p100-114659.csv,"2025-11-17 10:53:40.225847",51
100,récurrence,3783,"[[-3783, 1.28], [12, 3.11], [41, 6.88], [-7, 13.42], [0, 16.07]]",p100-114659.csv,"2025-11-17 10:53:40.225847",52
100,raison,3691,"[[-3691, 1.16], [657, 2.24], [210, 3.89], [210, 5.29], [15, 13.76], [16, 14.35], [10, 15.0], [11, 15.19], [-11, 16.5], [0, 21.1]]",p100-114659.csv,"2025-11-17 10:53:40.225847",53
100,dindon,1466,"[[-1466, 2.51], [5, 4.89], [6, 5.94], [8, 6.85], [-13, 8.22], [0, 14.06]]",p100-114659.csv,"2025-11-17 10:53:40.225847",54
100,voiture,4854,"[[-575, 1.64], [-207, 2.64], [-80, 5.14], [0, 11.94]]",p100-114659.csv,"2025-11-17 10:53:40.225847",55
100,dame,1214,"[[-1214, 1.21], [238, 2.94], [238, 2.94], [148, 22.46], [124, 25.8], [-19, 32.46], [8, 33.85], [0, 37.02]]",p100-114659.csv,"2025-11-17 10:53:40.225847",56
101,vestiaires,4780,"[[-4780, 3.11], [-4472, 3.11], [-1256, 7.39], [-1256, 9.13], [-811, 10.26], [-569, 11.53], [-423, 12.58], [-258, 14.0], [3, 15.99], [4, 17.95], [4, 17.95], [0, 22.5]]",p101-210334.csv,"2025-11-17 20:09:01.799289",57
101,dindon,1466,"[[-1466, 3.07], [-702, 5.17], [-324, 6.5], [5, 8.65], [286, 10.48], [286, 10.48], [112, 13.86], [107, 16.41], [5, 18.37], [0, 21.19]]",p101-210334.csv,"2025-11-17 20:09:01.799289",58
101,damasquinerie,1213,"[[-1213, 2.16], [142, 3.33], [-61, 3.33], [-61, 5.65], [94, 5.65], [94, 7.19], [26, 7.19], [26, 8.98], [-23, 10.8], [-23, 10.8], [0, 16.99]]",p101-210334.csv,"2025-11-17 20:09:01.799289",59
101,galonner,2026,"[[-2026, 3.53], [-313, 6.78], [-109, 8.37], [65, 11.82], [-13, 11.82], [-13, 13.75], [84, 13.75], [84, 15.02], [-13, 15.02], [-13, 16.15], [-13, 16.15], [0, 20.57]]",p101-210334.csv,"2025-11-17 20:09:01.799289",60
101,voiture,4854,"[[-4854, 4.01], [-351, 5.31], [-167, 7.3], [-119, 8.51], [-120, 8.51], [-119, 8.51], [-119, 10.1], [-90, 11.28], [-91, 11.28], [-90, 11.28], [-90, 12.36], [-61, 14.27], [-33, 15.22], [-32, 15.22], [-32, 16.58], [0, 26.12]]",p101-210334.csv,"2025-11-17 20:09:01.799289",61
101,guerre,2122,"[[-2122, 1.04], [-341, 3.42], [-109, 4.64], [-12, 6.59], [0, 11.03]]",p101-210334.csv,"2025-11-17 20:09:01.799289",62
101,vulvaires,4883,"[[-4883, 2.54], [-138, 4.0], [-139, 4.0], [-138, 4.0], [-138, 5.16], [-109, 6.93], [-61, 9.87], [-51, 13.46], [-43, 14.32], [-42, 14.32], [-1, 24.77], [0, 26.51]]",p101-210334.csv,"2025-11-17 20:09:01.799289",63
101,rouillures,4065,"[[-4065, 1.43], [88, 3.15], [-183, 3.15], [-183, 5.39], [-193, 6.73], [-154, 6.73], [-154, 7.95], [-115, 8.95], [-18, 10.73], [11, 12.8], [11, 12.8], [-1, 16.51], [0, 17.63]]",p101-210334.csv,"2025-11-17 20:09:01.799289",64
101,récurrence,3783,"[[-3783, 1.32], [351, 2.56], [21, 2.56], [21, 5.19], [-240, 6.71], [-182, 6.71], [-182, 7.9], [-104, 9.18], [-37, 10.78], [1, 20.73], [0, 21.97]]",p101-210334.csv,"2025-11-17 20:09:01.799289",65
101,dame,1214,"[[-246, 2.25], [83, 4.2], [15, 4.2], [15, 5.88], [-53, 7.02], [-53, 7.02], [1, 16.61], [0, 17.77]]",p101-210334.csv,"2025-11-17 20:09:01.799289",66
101,raison,3691,"[[-3691, 1.06], [375, 3.03], [375, 4.04], [152, 5.51], [26, 7.87], [-51, 9.04], [26, 9.05], [26, 10.24], [26, 10.24], [0, 15.9]]",p101-210334.csv,"2025-11-17 20:09:01.799289",67
101,gaspillages,2038,"[[-344, 2.05], [-112, 3.18], [256, 8.16], [-83, 8.16], [-83, 9.51], [24, 9.51], [24, 12.89], [24, 12.9], [-1, 18.01], [0, 19.11]]",p101-210334.csv,"2025-11-17 20:09:01.799289",68
102,damasquinerie,1213,"[[-1199, 5.31], [-982, 5.31], [-982, 6.62], [-691, 6.62], [-700, 6.96], [-1213, 12.81]]",p102-211039.csv,"2025-11-17 20:16:12.234246",69
102,damasquinerie,1213,"[[-1199, 5.31], [-982, 5.31], [-982, 6.62], [-691, 6.62], [-700, 6.96], [-1213, 12.81], [-1213, 15.7], [-962, 15.7], [-963, 15.7], [-865, 23.07], [-866, 23.07], [-768, 24.56], [-769, 24.56], [-623, 29.62], [-637, 30.18], [-951, 30.65], [-595, 31.54], [-752, 32.43], [158, 36.72], [-30, 38.19], [12, 39.84], [-9, 42.72], [-9, 42.72], [1, 45.98], [1, 45.98], [0, 48.46]]",p102-211039.csv,"2025-11-17 20:16:12.234246",70
102,guerre,2122,"[[-1973, 4.04], [-1775, 4.04], [-1571, 5.13], [-950, 5.69], [-2017, 7.39], [-1337, 8.42], [-1442, 8.87], [139, 10.03], [-28, 13.71], [-102, 15.27], [-102, 15.27], [1, 31.71], [1, 31.71], [0, 33.81]]",p102-211039.csv,"2025-11-17 20:16:12.234246",71
102,rouillures,4065,"[[-4065, 1.59], [-3979, 1.59], [-3794, 3.2], [-3795, 3.2], [-3799, 5.1], [-3610, 5.11], [-286, 12.36], [28, 15.75], [-14, 18.06], [-14, 18.06], [0, 22.46]]",p102-211039.csv,"2025-11-17 20:16:12.234246",72
102,raison,3691,"[[-3691, 1.56], [-3431, 1.56], [-3265, 3.05], [-3266, 3.05], [-3082, 4.42], [67, 9.17], [57, 9.17], [-17, 9.73], [46, 10.57], [-6, 11.89], [-6, 11.89], [0, 15.64]]",p102-211039.csv,"2025-11-17 20:16:12.234246",73
102,dame,1214,"[[-1214, 1.62], [-1022, 1.62], [-866, 2.42], [-867, 2.42], [-769, 3.59], [-770, 3.59], [-770, 5.37], [-663, 5.37], [-104, 7.0], [-1204, 8.56], [377, 10.12], [-10, 16.01], [-10, 16.01], [-5, 17.94], [-4, 19.64], [-4, 19.64], [-7, 20.92], [-1, 23.12], [0, 24.52]]",p102-211039.csv,"2025-11-17 20:16:12.234246",74
102,voiture,4854,"[[-4854, 1.21], [-4672, 1.21], [-4506, 2.18], [-4507, 2.18], [-4312, 3.36], [-175, 10.56], [3, 14.05], [26, 20.23], [32, 22.5], [35, 24.1], [35, 24.1], [0, 33.46]]",p102-211039.csv,"2025-11-17 20:16:12.234246",75
102,dindon,1466,"[[-1303, 0.94], [-1234, 1.53], [-1235, 1.53], [-1060, 2.73], [-1061, 2.73], [-857, 3.91], [303, 5.48], [0, 7.97], [20, 9.93], [20, 9.93], [0, 14.27]]",p102-211039.csv,"2025-11-17 20:16:12.234246",76
102,récurrence,3783,"[[-3552, 0.78], [-3319, 1.4], [101, 5.24], [-25, 8.0], [-25, 8.0], [-6, 12.57], [-6, 12.57], [-13, 16.62], [-21, 18.77], [-5, 24.05], [1, 26.94], [0, 28.34]]",p102-211039.csv,"2025-11-17 20:16:12.234246",77
102,vestiaires,4780,"[[-4780, 1.44], [-4510, 1.44], [-4345, 2.24], [-4346, 2.24], [-4200, 3.41], [56, 9.87], [46, 9.87], [-17, 11.82], [-17, 11.82], [1, 15.41]]",p102-211039.csv,"2025-11-17 20:16:12.234246",78
102,galonner,2026,"[[-2026, 1.22], [-1795, 1.22], [-1552, 2.16], [172, 3.73], [-16, 5.64], [15, 6.66], [-6, 8.31], [-6, 8.31], [1, 10.15]]",p102-211039.csv,"2025-11-17 20:16:12.234246",79
102,gaspillages,2038,"[[0, 1.68], [-28, 2.05], [422, 3.76], [45, 4.4], [401, 4.92], [150, 6.1], [527, 8.16], [-28, 9.51], [45, 10.19], [-7, 12.08], [-7, 12.08], [2, 14.27], [0, 15.86]]",p102-211039.csv,"2025-11-17 20:16:12.234246",80
102,vulvaires,4883,"[[-4642, 0.92], [-4448, 1.64], [-4449, 1.64], [-4449, 2.71], [-4303, 2.71], [-26, 8.88], [-36, 9.45], [6, 10.28], [-36, 11.58], [-36, 11.58], [-1, 17.87], [1, 18.66], [0, 19.96]]",p102-211039.csv,"2025-11-17 20:16:12.234246",81
103,vulvaires,4883,"[[-4883, 2.78], [-4584, 2.78], [-2415, 4.07], [-2347, 6.12], [-319, 10.14], [-329, 10.33], [-78, 12.98], [13, 17.42], [-3, 22.58], [-4, 22.79], [0, 26.75]]",p103-150234.csv,"2025-11-19 14:09:47.088777",82
103,guerre,2122,"[[-2122, 1.62], [-1823, 1.62], [-1667, 3.21], [118, 4.64], [-217, 5.5], [24, 7.17], [-39, 9.05], [-51, 11.28], [8, 20.7], [2, 22.96], [2, 22.96], [4, 24.13], [0, 27.0]]",p103-150234.csv,"2025-11-19 14:09:47.088777",83
103,gaspillages,2038,"[[-2038, 1.92], [-1748, 3.31], [160, 4.82], [3, 7.23], [0, 7.87], [2, 8.32], [0, 9.81]]",p103-150234.csv,"2025-11-19 14:09:47.088777",84
103,voiture,4854,"[[-4854, 1.41], [-4555, 1.41], [-3393, 2.13], [-2331, 4.69], [-2520, 5.09], [14, 12.08], [22, 13.59], [-2, 17.36], [0, 19.04]]",p103-150234.csv,"2025-11-19 14:09:47.088777",85
103,dindon,1466,"[[-1466, 2.16], [-1273, 3.18], [-231, 4.24], [-220, 4.37], [177, 6.27], [31, 8.85], [-28, 17.65], [-17, 21.98], [-21, 23.7], [2, 26.62], [0, 28.51]]",p103-150234.csv,"2025-11-19 14:09:47.088777",86
103,damasquinerie,1213,"[[-1213, 1.33], [535, 4.55], [410, 4.98], [724, 6.14], [95, 9.34], [4, 18.39], [13, 20.04], [-2, 23.1], [1, 23.82], [0, 25.09]]",p103-150234.csv,"2025-11-19 14:09:47.088777",87
103,vestiaires,4780,"[[-4480, 2.4], [-352, 3.71], [-467, 4.72], [4, 8.9], [4, 8.9], [3, 9.06], [13, 11.51], [-13, 13.6], [1, 17.8], [0, 19.07]]",p103-150234.csv,"2025-11-19 14:09:47.088777",88
103,dame,1214,"[[-1214, 1.21], [-886, 1.21], [-663, 2.41], [314, 3.02], [220, 4.51], [0, 23.65], [2, 24.29], [-4, 26.81], [0, 29.09]]",p103-150234.csv,"2025-11-19 14:09:47.088777",89
103,rouillures,4065,"[[-3765, 2.34], [-3679, 2.35], [301, 3.87], [302, 4.92], [59, 4.92], [185, 4.92], [719, 10.16], [-45, 16.31], [-35, 18.16], [-8, 21.67], [0, 23.21], [-1, 23.83], [9, 26.47], [0, 30.3]]",p103-150234.csv,"2025-11-19 14:09:47.088777",90
103,galonner,2026,"[[-1814, 0.97], [-1649, 3.03], [-1650, 3.03], [-1571, 4.76], [172, 6.5], [15, 8.78], [15, 8.78], [18, 9.33], [-1, 12.72], [0, 14.12]]",p103-150234.csv,"2025-11-19 14:09:47.088777",91
103,raison,3691,"[[-3478, 1.99], [-3383, 1.99], [-3178, 3.72], [-3178, 5.38], [140, 7.26], [88, 9.21], [16, 16.86], [17, 17.45], [-1, 21.55], [0, 22.9]]",p103-150234.csv,"2025-11-19 14:09:47.088777",92
103,récurrence,3783,"[[-3601, 0.74], [-3396, 1.79], [-3397, 1.79], [-3319, 3.27], [289, 4.55], [216, 6.54], [-3, 35.39], [-3, 35.39], [1, 36.57], [0, 39.35]]",p103-150234.csv,"2025-11-19 14:09:47.088777",93
104,damasquinerie,1213,"[[-1213, 2.32], [-768, 3.29], [-700, 4.9], [190, 7.86], [-9, 9.77], [54, 10.87], [-2, 17.63], [0, 18.92]]",p104-151053.csv,"2025-11-19 14:15:10.885253",96
104,galonner,2026,"[[-2026, 1.43], [123, 3.43], [394, 3.97], [326, 4.46], [68, 6.14], [-37, 6.81], [16, 7.99], [-3, 10.78], [0, 12.08]]",p104-151053.csv,"2025-11-19 14:15:10.885253",97
104,dindon,1466,"[[-1466, 1.12], [73, 4.64], [-84, 5.72], [-11, 7.28], [-11, 7.28], [-17, 8.18], [2, 11.02]]",p104-151053.csv,"2025-11-19 14:15:10.885253",98
104,guerre,2122,"[[-2122, 1.15], [-583, 1.9], [-573, 2.16], [-49, 6.06], [-55, 7.02], [1, 16.01], [0, 17.08]]",p104-151053.csv,"2025-11-19 14:15:10.885253",99
104,récurrence,3783,"[[-3783, 1.29], [216, 5.09], [-10, 24.24], [0, 29.17]]",p104-151053.csv,"2025-11-19 14:15:10.885253",100
104,voiture,4854,"[[-12, 7.58], [-14, 8.1], [2, 10.49]]",p104-151053.csv,"2025-11-19 14:15:10.885253",101
104,vestiaires,4780,"[[-4780, 1.33], [-763, 1.94], [-865, 2.63], [98, 6.39], [109, 6.89], [-11, 11.7], [1, 13.96]]",p104-151053.csv,"2025-11-19 14:15:10.885253",102
104,vulvaires,4883,"[[-4883, 1.08], [-449, 1.6], [-448, 1.6], [-643, 4.86], [-863, 5.6], [-392, 7.85], [-570, 8.32], [-89, 9.45], [-120, 10.44], [-89, 11.56], [-67, 13.43], [-70, 14.11], [15, 19.9], [-5, 21.51], [0, 23.43], [-2, 24.09], [1, 24.76]]",p104-151053.csv,"2025-11-19 14:15:10.885253",103
104,raison,3691,"[[-990, 1.3], [-969, 1.46], [255, 3.89], [-27, 7.18], [-17, 7.18], [15, 8.57], [15, 8.57], [0, 12.43]]",p104-151053.csv,"2025-11-19 14:15:10.885253",104
104,dame,1214,"[[-418, 1.33], [-575, 1.49], [-43, 3.8], [-31, 4.16], [74, 5.57], [63, 5.57], [-21, 6.78], [0, 10.45]]",p104-151053.csv,"2025-11-19 14:15:10.885253",105
105,damasquinerie,1213,"[[-1213, 2.14], [-1040, 2.14], [-139, 4.68], [-139, 6.0], [64, 7.92], [1, 10.01], [12, 13.31], [12, 13.31], [11, 16.46], [-1, 19.45], [0, 21.36]]",p105-111050.csv,"2025-11-24 10:16:40.036359",106
105,dindon,1466,"[[-1466, 1.0], [-1158, 1.0], [-605, 2.7], [-605, 4.03], [-84, 7.76], [31, 8.91], [0, 9.72], [0, 11.16]]",p105-111050.csv,"2025-11-24 10:16:40.036359",107
105,vestiaires,4780,"[[-4780, 1.15], [-4617, 1.15], [-2767, 2.17], [119, 10.58], [-36, 10.59], [-35, 10.59], [-33, 14.0], [-30, 16.34], [-27, 18.44], [-19, 22.24], [2, 26.48], [0, 27.92]]",p105-111050.csv,"2025-11-24 10:16:40.036359",108
105,récurrence,3783,"[[-3783, 1.21], [-3639, 1.21], [-2283, 2.22], [-25, 11.51], [59, 12.15], [38, 12.88], [59, 13.89], [27, 15.15], [90, 16.04], [27, 17.65], [33, 21.31], [15, 24.15], [16, 24.44], [-2, 28.95], [-1, 30.26], [0, 32.28]]",p105-111050.csv,"2025-11-24 10:16:40.036359",109
105,guerre,2122,"[[-2122, 1.46], [-1930, 1.46], [-1454, 2.59], [118, 8.9], [-39, 12.58], [24, 14.38], [-18, 17.86], [-1, 22.19], [-2, 23.3], [-3, 23.92], [0, 26.52]]",p105-111050.csv,"2025-11-24 10:16:40.036359",110
105,vulvaires,4883,"[[-4883, 1.12], [-4710, 1.13], [-1175, 2.31], [-110, 9.26], [6, 12.3], [-31, 14.67], [-2, 21.35], [2, 22.81], [0, 25.1]]",p105-111050.csv,"2025-11-24 10:16:40.036359",111
105,galonner,2026,"[[-2026, 1.27], [-1882, 1.27], [-448, 2.34], [57, 6.03], [47, 6.03], [-16, 8.47], [-16, 8.47], [8, 12.3], [-2, 14.07], [0, 15.82]]",p105-111050.csv,"2025-11-24 10:16:40.036359",112
105,gaspillages,2038,"[[-2038, 1.09], [3, 2.21], [-112, 2.83], [-7, 5.38], [2, 7.26], [0, 8.67]]",p105-111050.csv,"2025-11-24 10:16:40.036359",113
105,raison,3691,"[[-487, 1.01], [-519, 1.58], [130, 4.54], [-38, 6.47], [4, 7.76], [-6, 9.21], [-10, 9.95], [5, 11.37], [0, 14.32]]",p105-111050.csv,"2025-11-24 10:16:40.036359",114
105,rouillures,4065,"[[-276, 6.99], [-286, 7.84], [18, 13.2], [-2, 16.29], [0, 18.3]]",p105-111050.csv,"2025-11-24 10:16:40.036359",115
105,voiture,4854,"[[-4854, 1.82], [-102, 10.64], [-3, 25.69], [-5, 26.85], [1, 28.65], [0, 29.96]]",p105-111050.csv,"2025-11-24 10:16:40.036359",116
105,dame,1214,"[[-1214, 3.21], [-261, 4.41], [-387, 5.35], [74, 7.03], [0, 10.53]]",p105-111050.csv,"2025-11-24 10:16:40.036359",117
106,rouillures,4065,"[[-4065, 3.33], [-3883, 3.33], [-3746, 4.75], [-3775, 5.6], [-3610, 6.23], [-317, 17.58], [-338, 19.35], [-338, 19.35], [6, 42.86], [6, 42.86], [0, 46.31]]",p106-111742.csv,"2025-11-24 10:24:00.858243",118
106,damasquinerie,1213,"[[-1213, 1.05], [-1086, 6.69], [-855, 8.58], [-875, 8.58], [-758, 10.7], [-758, 12.95], [-826, 12.95], [-700, 12.95], [190, 18.59], [-6, 28.11], [1, 29.97], [0, 31.58]]",p106-111742.csv,"2025-11-24 10:24:00.858243",119
106,dame,1214,"[[-1214, 1.69], [-1070, 1.69], [-905, 2.9], [-906, 2.9], [-905, 4.56], [-906, 4.56], [-779, 5.89], [-780, 5.89], [-566, 7.5], [115, 9.74], [63, 11.02], [-2, 17.53], [0, 19.63]]",p106-111742.csv,"2025-11-24 10:24:00.858243",120
106,guerre,2122,"[[-2122, 2.44], [-1939, 4.43], [-1833, 4.43], [-1687, 6.03], [-1688, 6.03], [-1693, 8.02], [55, 13.53], [-49, 15.17], [-51, 16.02], [-13, 23.63], [-18, 24.8], [1, 28.42], [0, 30.08]]",p106-111742.csv,"2025-11-24 10:24:00.858243",121
106,voiture,4854,"[[-4854, 1.97], [-4739, 1.98], [-4612, 2.96], [-4613, 2.96], [-4574, 4.04], [-4575, 4.04], [-4467, 4.94], [-4468, 4.95], [-4390, 6.31], [-91, 14.2], [1, 29.05]]",p106-111742.csv,"2025-11-24 10:24:00.858243",122
106,gaspillages,2038,"[[-2038, 1.47], [-2000, 2.66], [-2028, 2.66], [-1891, 2.66], [97, 9.01], [56, 10.59], [-28, 12.55], [-15, 14.65], [-18, 15.33], [1, 19.31]]",p106-111742.csv,"2025-11-24 10:24:00.858243",123
106,galonner,2026,"[[-2026, 2.78], [130, 6.29], [-2, 12.64], [0, 14.02]]",p106-111742.csv,"2025-11-24 10:24:00.858243",124
106,vulvaires,4883,"[[-4787, 2.22], [-4681, 2.22], [-4642, 3.68], [-120, 9.28], [-141, 10.06], [-1, 21.17], [0, 22.24]]",p106-111742.csv,"2025-11-24 10:24:00.858243",125
106,raison,3691,"[[-3691, 1.18], [-3547, 1.18], [-3420, 2.35], [-3421, 2.35], [-3372, 3.52], [-3373, 3.52], [-3285, 4.46], [-3286, 4.46], [-3207, 5.54], [46, 10.68], [4, 12.16], [2, 13.42]]",p106-111742.csv,"2025-11-24 10:24:00.858243",126
106,dindon,1466,"[[-1466, 1.18], [-1322, 1.18], [-1215, 2.56], [-1216, 2.56], [-1147, 3.67], [-1148, 3.67], [-1050, 4.75], [-1051, 4.75], [-1002, 6.24], [52, 12.35], [52, 12.35], [-6, 22.98], [1, 25.09], [0, 27.03]]",p106-111742.csv,"2025-11-24 10:24:00.858243",127
106,récurrence,3783,"[[-3783, 1.35], [-3658, 2.69], [-3639, 2.69], [-3454, 4.04], [-3455, 4.04], [-3435, 5.08], [-3436, 5.09], [-3367, 5.99], [-3368, 5.99], [-3290, 6.92], [-3290, 8.09], [59, 12.69], [-35, 15.0], [-35, 15.0], [2, 22.61]]",p106-111742.csv,"2025-11-24 10:24:00.858243",128
106,vestiaires,4780,"[[-4780, 1.42], [-4714, 1.42], [-4674, 2.35], [-4675, 2.35], [-4616, 3.77], [-4616, 4.84], [-4598, 4.84], [-4548, 5.88], [-4549, 5.88], [-4500, 7.25], [-4501, 7.25], [-4316, 8.21], [-4316, 9.48], [56, 15.98], [4, 18.82], [-1, 19.99], [1, 21.0], [0, 22.13]]",p106-111742.csv,"2025-11-24 10:24:00.858243",129
107,vulvaires,4883,"[[-4701, 0.86], [-4564, 3.45], [-4565, 3.45], [-2056, 4.6], [-730, 8.81], [-730, 8.81], [-735, 10.41], [-780, 10.44], [-235, 15.63], [-275, 15.64], [-274, 15.64], [-119, 19.16], [-1, 38.46], [-1, 38.46], [-2, 39.78], [-2, 39.8], [1, 41.06], [0, 42.09]]",p107-112432.csv,"2025-11-24 10:30:09.231066",130
107,guerre,2122,"[[-51, 2.7], [37, 3.61], [37, 4.66], [-128, 5.94], [37, 5.94], [37, 7.88], [-118, 7.88], [-118, 8.99], [-118, 8.99], [-83, 11.92], [11, 18.65], [0, 23.48]]",p107-112432.csv,"2025-11-24 10:30:09.231066",131
107,dame,1214,"[[-1214, 1.84], [5, 7.9], [5, 7.9], [-3, 9.19], [0, 11.06]]",p107-112432.csv,"2025-11-24 10:30:09.231066",132
107,récurrence,3783,"[[-763, 2.71], [-521, 3.87], [-37, 8.14], [-36, 9.27], [-3, 16.02], [1, 17.27], [0, 18.85]]",p107-112432.csv,"2025-11-24 10:30:09.231066",133
107,damasquinerie,1213,"[[-400, 1.9], [-400, 1.9], [-428, 5.2], [-371, 8.37], [-371, 10.11], [-52, 11.18], [181, 12.95], [181, 12.95], [-20, 24.25], [2, 26.25], [0, 28.02]]",p107-112432.csv,"2025-11-24 10:30:09.231066",134
107,raison,3691,"[[-332, 2.48], [-3, 6.44], [0, 8.16]]",p107-112432.csv,"2025-11-24 10:30:09.231066",135
107,voiture,4854,"[[-875, 2.04], [-420, 5.95], [-419, 5.95], [-100, 10.51], [-54, 17.24], [-7, 23.96], [1, 26.42]]",p107-112432.csv,"2025-11-24 10:30:09.231066",136
107,gaspillages,2038,"[[-509, 3.41], [-63, 5.53], [62, 6.2], [62, 8.23], [-54, 9.16], [0, 14.61]]",p107-112432.csv,"2025-11-24 10:30:09.231066",137
107,galonner,2026,"[[-2026, 1.37], [-487, 2.3], [-71, 3.21], [423, 6.0], [142, 6.0], [142, 7.27], [-32, 8.34], [-32, 8.34], [8, 12.55], [8, 12.55], [-5, 14.95], [0, 17.59]]",p107-112432.csv,"2025-11-24 10:30:09.231066",138
107,dindon,1466,"[[-82, 2.44], [-19, 8.05], [-7, 11.94], [27, 16.53], [27, 16.53], [-4, 21.42], [-4, 21.42], [1, 23.39], [0, 24.61]]",p107-112432.csv,"2025-11-24 10:30:09.231066",139
107,vestiaires,4780,"[[-268, 2.11], [-404, 2.11], [-403, 2.11], [-26, 4.18], [-2, 12.67], [7, 15.08], [7, 15.08], [0, 17.35]]",p107-112432.csv,"2025-11-24 10:30:09.231066",140
107,rouillures,4065,"[[-173, 2.07], [19, 12.6], [19, 12.6], [-1, 16.04], [0, 17.57]]",p107-112432.csv,"2025-11-24 10:30:09.231066",141
108,damasquinerie,1213,"[[-1050, 0.89], [-952, 3.11], [-953, 3.11], [-991, 5.57], [-855, 5.57], [-855, 6.97], [43, 7.63], [-82, 8.47], [10, 13.18], [0, 18.79]]",p108-113028.csv,"2025-11-24 10:35:19.204175",143
108,gaspillages,2038,"[[-2038, 1.12], [-1894, 1.12], [-1806, 3.04], [-1806, 5.05], [-1749, 5.05], [-1661, 5.99], [45, 10.78], [3, 13.11], [0, 14.85]]",p108-113028.csv,"2025-11-24 10:35:19.204175",144
108,guerre,2122,"[[-1998, 0.84], [-1774, 2.38], [-1775, 2.38], [-1629, 3.59], [34, 7.9], [-7, 9.64], [-7, 9.64], [3, 11.28]]",p108-113028.csv,"2025-11-24 10:35:19.204175",145
108,voiture,4854,"[[-4739, 0.56], [-4593, 1.74], [-4594, 1.74], [-4525, 3.53], [-4526, 3.53], [-4390, 4.83], [-4254, 6.82], [-60, 14.33], [-91, 16.1], [-91, 16.12], [-8, 24.29], [0, 27.53]]",p108-113028.csv,"2025-11-24 10:35:19.204175",146
108,dame,1214,"[[-1061, 0.74], [-953, 2.26], [-953, 3.32], [-915, 3.32], [-837, 4.41], [-838, 4.41], [-759, 5.7], [32, 9.52], [21, 9.52], [-10, 10.8], [-10, 10.8], [0, 15.69]]",p108-113028.csv,"2025-11-24 10:35:19.204175",147
108,raison,3691,"[[-3586, 0.87], [-3440, 1.89], [-3441, 1.9], [-3353, 2.75], [-3354, 2.75], [-3343, 3.76], [-3344, 3.76], [-3159, 4.68], [-3159, 5.85], [402, 9.03], [-59, 12.19], [-6, 13.61], [1, 15.96]]",p108-113028.csv,"2025-11-24 10:35:19.204175",148
108,rouillures,4065,"[[-3950, 0.79], [-3951, 2.43], [-3960, 2.43], [91, 4.38], [-213, 7.27], [49, 9.52], [-14, 10.68], [0, 15.45]]",p108-113028.csv,"2025-11-24 10:35:19.204175",149
108,vulvaires,4883,"[[-4730, 0.76], [-4731, 2.48], [-4642, 2.48], [6, 8.52], [-36, 9.43], [1, 17.41]]",p108-113028.csv,"2025-11-24 10:35:19.204175",150
108,récurrence,3783,"[[-3659, 0.69], [-3661, 2.32], [-3574, 2.32], [163, 5.11], [-46, 8.81], [-46, 8.81], [1, 20.59]]",p108-113028.csv,"2025-11-24 10:35:19.204175",151
108,dindon,1466,"[[-1466, 1.57], [52, 4.61], [-2, 8.15]]",p108-113028.csv,"2025-11-24 10:35:19.204175",152
108,vestiaires,4780,"[[-4780, 1.81], [4, 4.79], [-51, 7.19], [1, 17.72]]",p108-113028.csv,"2025-11-24 10:35:19.204175",153
109,vulvaires,4883,"[[-2724, 2.83], [-167, 5.98], [-79, 22.63], [-323, 22.63], [-322, 22.63], [-322, 24.08], [-333, 24.08], [-332, 24.08], [-333, 24.44], [-332, 24.44], [-333, 24.71], [-332, 24.72], [-52, 27.49], [16, 33.57], [16, 33.57], [-6, 35.35], [0, 39.08]]",p109-113544.csv,"2025-11-24 10:42:59.615156",154
109,récurrence,3783,"[[-1411, 1.84], [-259, 5.02], [-143, 6.71], [80, 8.4], [101, 14.29], [101, 14.29], [-2, 30.0], [-2, 30.0], [-1, 31.18]]",p109-113544.csv,"2025-11-24 10:42:59.615156",155
109,gaspillages,2038,"[[547, 2.53], [-528, 2.53], [-121, 3.37], [-121, 4.72], [121, 5.34], [121, 6.64], [-73, 7.7], [-73, 7.7], [-6, 13.94], [2, 17.0], [2, 17.0], [1, 18.51], [1, 18.51], [3, 20.58], [3, 20.58], [-2, 21.84], [0, 23.36]]",p109-113544.csv,"2025-11-24 10:42:59.615156",156
109,galonner,2026,"[[375, 1.94], [-313, 2.76], [-535, 5.22], [-177, 7.44], [6, 16.32], [6, 16.32], [-10, 17.98], [0, 21.52]]",p109-113544.csv,"2025-11-24 10:42:59.615156",157
109,rouillures,4065,"[[-48, 2.72], [7, 9.83], [7, 9.83], [0, 13.49]]",p109-113544.csv,"2025-11-24 10:42:59.615156",158
109,dame,1214,"[[-237, 2.11], [122, 3.86], [122, 3.86], [-8, 14.98], [1, 17.6], [0, 18.71]]",p109-113544.csv,"2025-11-24 10:42:59.615156",159
109,guerre,2122,"[[-535, 2.01], [-312, 3.5], [-70, 4.12], [317, 5.41], [-342, 6.02], [-290, 6.73], [-395, 7.57], [-301, 8.19], [-426, 8.68], [-437, 8.82], [-552, 9.5], [-322, 11.67], [-332, 11.67], [-322, 11.78], [-28, 12.69], [-81, 14.64], [-98, 16.89], [0, 26.27]]",p109-113544.csv,"2025-11-24 10:42:59.615156",160
109,voiture,4854,"[[-526, 7.58], [-953, 7.58], [-304, 8.48], [-303, 9.93], [-265, 11.15], [-264, 11.17], [-71, 14.26], [0, 20.74]]",p109-113544.csv,"2025-11-24 10:42:59.615156",161
109,damasquinerie,1213,"[[248, 4.17], [248, 4.17], [3, 21.02], [-1, 22.69], [0, 23.83]]",p109-113544.csv,"2025-11-24 10:42:59.615156",162
109,raison,3691,"[[365, 1.27], [365, 2.6], [-18, 23.42], [-18, 23.42], [0, 28.0]]",p109-113544.csv,"2025-11-24 10:42:59.615156",163
109,vestiaires,4780,"[[-2070, 1.14], [-1005, 1.86], [-249, 4.27], [-248, 4.27], [13, 7.07], [21, 8.34], [-29, 12.7], [7, 21.73], [40, 28.7], [40, 28.7], [-2, 33.41]]",p109-113544.csv,"2025-11-24 10:42:59.615156",164
109,dindon,1466,"[[-401, 1.89], [-43, 3.27], [19, 10.72], [-1, 13.6], [0, 14.68]]",p109-113544.csv,"2025-11-24 10:42:59.615156",165
110,galonner,2026,"[[-1844, 1.0], [-1639, 2.3], [-1639, 3.32], [-246, 4.78], [-634, 5.31], [214, 6.36], [36, 7.72], [68, 8.74], [-6, 11.57], [5, 11.57], [15, 12.84], [18, 13.55], [0, 19.3]]",p110-114313.csv,"2025-11-24 10:49:15.854138",166
110,vulvaires,4883,"[[-4883, 1.02], [-4583, 1.98], [-4428, 2.63], [6, 6.88], [-256, 7.73], [-131, 10.91], [3, 19.39], [-1, 21.13], [0, 23.21]]",p110-114313.csv,"2025-11-24 10:49:15.854138",167
110,raison,3691,"[[-3499, 0.65], [-3256, 1.97], [-3256, 3.4], [329, 5.66], [-27, 9.4], [4, 11.14], [6, 12.05], [1, 14.31], [1, 14.31], [2, 14.73], [0, 16.73]]",p110-114313.csv,"2025-11-24 10:49:15.854138",168
110,damasquinerie,1213,"[[-1001, 0.82], [-787, 2.73], [-788, 2.73], [-691, 3.76], [211, 5.23], [-72, 6.3], [33, 7.61], [1, 9.39], [33, 10.74], [2, 13.98], [13, 16.12], [0, 19.96], [1, 20.39], [0, 22.23]]",p110-114313.csv,"2025-11-24 10:49:15.854138",169
110,gaspillages,2038,"[[-1797, 0.9], [-1690, 2.49], [-1691, 2.49], [-151, 3.19], [380, 4.7], [-18, 7.15], [3, 8.04], [3, 9.37], [-1, 10.37], [0, 11.89]]",p110-114313.csv,"2025-11-24 10:49:15.854138",170
110,dame,1214,"[[-1050, 2.07], [-964, 2.07], [-885, 3.75], [-886, 3.75], [-692, 4.89], [-692, 5.94], [670, 7.32], [11, 10.65], [11, 11.84], [12, 12.73], [-1, 16.48], [0, 17.99]]",p110-114313.csv,"2025-11-24 10:49:15.854138",171
110,dindon,1466,"[[-1253, 2.01], [-231, 4.07], [-325, 4.82], [-105, 6.08], [-210, 7.16], [41, 9.54], [31, 9.54], [20, 11.1], [-7, 16.38], [1, 18.34], [0, 19.7]]",p110-114313.csv,"2025-11-24 10:49:15.854138",172
110,vestiaires,4780,"[[-4780, 1.19], [-4549, 1.19], [-4325, 2.44], [-90, 6.38], [-1839, 9.29], [14, 12.86], [-28, 14.63], [-17, 16.15], [2, 20.83], [2, 20.83], [0, 22.9]]",p110-114313.csv,"2025-11-24 10:49:15.854138",173
110,rouillures,4065,"[[-3921, 0.87], [-3775, 1.83], [-3776, 1.83], [-3591, 2.97], [-3591, 4.09], [-150, 7.59], [-255, 8.16], [80, 9.49], [-35, 11.0], [-14, 12.33], [1, 16.35], [0, 17.58]]",p110-114313.csv,"2025-11-24 10:49:15.854138",174
110,voiture,4854,"[[-18, 5.6], [-28, 6.02], [14, 8.08], [14, 8.08], [0, 12.04]]",p110-114313.csv,"2025-11-24 10:49:15.854138",175
110,récurrence,3783,"[[-3783, 1.05], [-3561, 2.17], [-3426, 2.17], [-3164, 3.28], [205, 6.2], [-35, 10.48], [-35, 10.48], [1, 17.37], [0, 18.65]]",p110-114313.csv,"2025-11-24 10:49:15.854138",176
110,guerre,2122,"[[-1978, 0.81], [-1822, 1.79], [-1823, 1.79], [-1590, 2.78], [725, 5.34], [-60, 7.07], [3, 9.64], [3, 9.64], [0, 11.5]]",p110-114313.csv,"2025-11-24 10:49:15.854138",177
111,guerre,2122,"[[-2122, 2.51], [-1940, 2.51], [-1940, 4.66], [-1687, 4.66], [-1688, 4.66], [-1690, 6.22], [-1609, 6.22], [87, 8.29], [-7, 13.07], [0, 16.41]]",p111-135223.csv,"2025-12-04 13:09:41.959324",178
111,récurrence,3783,"[[-3783, 1.47], [-3620, 1.49], [-3623, 3.21], [-3328, 3.21], [-3328, 4.61], [-3125, 5.84], [-46, 12.91], [-1, 22.02], [2, 22.98], [0, 25.16]]",p111-135223.csv,"2025-12-04 13:09:41.959324",179
111,damasquinerie,1213,"[[-1213, 2.16], [-942, 3.7], [-798, 3.71], [-584, 5.0], [137, 7.48], [64, 8.79], [17, 11.99], [55, 11.99], [-23, 12.28], [152, 13.12], [156, 14.6], [-11, 20.78], [1, 22.96], [0, 24.47]]",p111-135223.csv,"2025-12-04 13:09:41.959324",180
111,rouillures,4065,"[[-4065, 2.45], [-3823, 3.52], [-3610, 4.62], [-2, 13.31], [1, 14.45], [0, 15.83]]",p111-135223.csv,"2025-12-04 13:09:41.959324",181
111,galonner,2026,"[[-2026, 1.84], [-1873, 1.84], [-1717, 2.86], [-1718, 2.86], [-1610, 3.91], [-1611, 3.91], [-1417, 5.0], [120, 8.06], [-37, 9.93], [10, 13.17], [10, 13.17], [-1, 15.32], [0, 17.0]]",p111-135223.csv,"2025-12-04 13:09:41.959324",182
111,raison,3691,"[[-3691, 1.33], [-3489, 1.33], [-3493, 3.21], [-3401, 3.21], [-3402, 3.21], [-3236, 4.19], [57, 11.17], [86, 14.82], [156, 25.53], [145, 28.54], [148, 31.38], [161, 32.95], [155, 36.22], [-299, 40.12], [-17, 44.15], [-27, 44.15], [-132, 45.67], [88, 49.04], [19, 52.39], [20, 52.78], [-1, 55.93], [0, 57.26]]",p111-135223.csv,"2025-12-04 13:09:41.959324",183
111,vulvaires,4883,"[[-4883, 2.16], [-36, 10.93], [1, 17.97], [0, 19.35]]",p111-135223.csv,"2025-12-04 13:09:41.959324",184
111,dindon,1466,"[[-1466, 2.11], [-1206, 2.11], [-992, 3.86], [62, 7.93], [-26, 9.88], [-15, 14.27], [2, 17.61], [0, 19.34]]",p111-135223.csv,"2025-12-04 13:09:41.959324",185
111,voiture,4854,"[[-4854, 1.45], [-4730, 1.45], [-4583, 2.51], [-4584, 2.51], [-4390, 3.64], [-18, 10.23], [3, 12.63], [3, 12.63], [2, 13.04], [3, 13.57], [-1, 14.98], [0, 16.8]]",p111-135223.csv,"2025-12-04 13:09:41.959324",186
111,gaspillages,2038,"[[-2038, 1.97], [-1768, 1.97], [-1603, 2.76], [-1604, 2.76], [-1419, 3.37], [527, 5.08], [129, 7.83], [-18, 10.45], [-18, 10.45], [6, 14.35], [-1, 16.06], [0, 17.44]]",p111-135223.csv,"2025-12-04 13:09:41.959324",187
111,dame,1214,"[[-1214, 2.31], [-828, 3.27], [-740, 4.24], [74, 4.98], [-157, 7.68], [42, 9.59], [11, 14.49], [12, 14.77], [-2, 18.33], [0, 20.04]]",p111-135223.csv,"2025-12-04 13:09:41.959324",188
111,vestiaires,4780,"[[-4780, 1.31], [-4588, 1.31], [-4442, 2.35], [-4443, 2.35], [-4296, 3.47], [-4296, 4.56], [77, 8.95], [-7, 11.35], [-11, 12.24], [1, 14.67], [0, 16.1]]",p111-135223.csv,"2025-12-04 13:09:41.959324",189
112,gaspillages,2038,"[[-2038, 1.46], [-383, 2.53], [-538, 2.55], [-538, 3.94], [-160, 3.94], [-160, 5.0], [353, 6.56], [82, 8.39], [82, 9.37], [-3, 15.5], [0, 18.87]]",p112-135915.csv,"2025-12-04 13:11:36.362368",190
112,raison,3691,"[[-1649, 1.51], [-1300, 2.66], [-1304, 2.66], [-1294, 2.67], [-864, 5.69], [-61, 9.83], [-177, 12.94], [-200, 14.71], [-65, 20.79], [-3, 22.55], [0, 25.38]]",p112-135915.csv,"2025-12-04 13:11:36.362368",191
112,vulvaires,4883,"[[-4883, 1.27], [-487, 4.4], [-216, 5.62], [-148, 6.98], [6, 15.78], [0, 18.39]]",p112-135915.csv,"2025-12-04 13:11:36.362368",192
112,dame,1214,"[[-1214, 1.0], [-517, 2.37], [93, 4.75], [93, 4.75], [-3, 9.67], [0, 12.01]]",p112-135915.csv,"2025-12-04 13:11:36.362368",193
112,vestiaires,4780,"[[-4780, 3.64], [-16, 8.29], [0, 13.82]]",p112-135915.csv,"2025-12-04 13:11:36.362368",194
112,galonner,2026,"[[-2026, 1.4], [142, 5.06], [142, 5.06], [67, 9.78], [69, 10.31], [-2, 19.04], [-1, 19.4], [-3, 20.74], [0, 22.75]]",p112-135915.csv,"2025-12-04 13:11:36.362368",195
112,rouillures,4065,"[[-4065, 2.62], [-3699, 2.62], [-3699, 3.87], [-3272, 3.87], [-948, 6.35], [-357, 8.42], [-231, 9.08], [1, 19.64], [-2, 20.2], [0, 21.84]]",p112-135915.csv,"2025-12-04 13:11:36.362368",196
112,damasquinerie,1213,"[[-1213, 1.28], [-798, 1.28], [-545, 2.05], [326, 5.42], [6, 22.75], [7, 23.16], [6, 23.57], [7, 24.13], [-1, 25.57], [0, 27.39]]",p112-135915.csv,"2025-12-04 13:11:36.362368",197
112,guerre,2122,"[[-80, 2.7], [-80, 3.73], [-81, 4.21], [2, 8.98], [0, 9.71], [1, 10.04], [0, 11.08]]",p112-135915.csv,"2025-12-04 13:11:36.362368",198
112,dindon,1466,"[[-1466, 1.1], [25, 4.03], [58, 6.76], [-3, 10.7], [-2, 10.89], [-7, 11.82], [0, 14.62]]",p112-135915.csv,"2025-12-04 13:11:36.362368",199
112,voiture,4854,"[[-4854, 1.14], [-32, 3.51], [-31, 3.74], [-32, 4.57], [-8, 8.19], [-9, 8.83], [0, 13.15]]",p112-135915.csv,"2025-12-04 13:11:36.362368",200
112,récurrence,3783,"[[41, 3.43], [41, 3.43], [40, 4.06], [41, 4.43], [-3, 9.45], [-2, 10.63], [-2, 10.63], [-8, 13.3], [-7, 14.4], [-2, 16.97], [1, 18.23], [0, 19.65]]",p112-135915.csv,"2025-12-04 13:11:36.362368",201
113,dindon,1466,"[[-1245, 0.76], [-1157, 1.52], [-1158, 1.52], [-847, 2.67], [125, 5.78], [10, 6.62], [10, 7.3], [0, 9.02]]",p113-151840.csv,"2025-12-10 14:23:29.088121",202
113,damasquinerie,1213,"[[-1213, 1.06], [-1108, 1.06], [-420, 1.95], [221, 4.88], [200, 7.14], [98, 18.78], [131, 27.2], [117, 32.54], [104, 37.0], [109, 40.81], [109, 40.81], [-5, 48.46], [-5, 48.46], [11, 51.58], [-1, 54.22], [0, 55.77]]",p113-151840.csv,"2025-12-10 14:23:29.088121",203
113,vulvaires,4883,"[[-4883, 1.53], [-4652, 1.53], [-120, 2.24], [-119, 4.34], [-4, 18.78], [0, 21.66]]",p113-151840.csv,"2025-12-10 14:23:29.088121",204
113,récurrence,3783,"[[-3783, 1.67], [612, 6.82], [613, 6.82], [273, 7.05], [-133, 7.99], [234, 9.6], [226, 11.03], [0, 35.73]]",p113-151840.csv,"2025-12-10 14:23:29.088121",205
113,vestiaires,4780,"[[-4780, 1.18], [-55, 2.5], [42, 3.76], [42, 3.76], [-12, 7.62], [2, 9.13], [-2, 10.01], [0, 11.6]]",p113-151840.csv,"2025-12-10 14:23:29.088121",206
113,dame,1214,"[[-1214, 1.26], [-91, 2.14], [93, 2.98], [93, 4.11], [93, 4.11], [-2, 11.29], [0, 12.83]]",p113-151840.csv,"2025-12-10 14:23:29.088121",207
113,guerre,2122,"[[-2122, 1.0], [1416, 2.5], [-751, 4.48], [-12, 6.53], [-12, 6.53], [-77, 11.06], [-45, 16.13], [-60, 18.23], [-52, 21.83], [-82, 25.21], [-15, 29.91], [4, 33.09], [0, 35.76]]",p113-151840.csv,"2025-12-10 14:23:29.088121",208
113,raison,3691,"[[-3691, 1.54], [152, 5.78], [-187, 5.78], [-195, 7.29], [-206, 7.53], [7, 11.45], [16, 12.5], [-1, 14.13], [0, 15.64]]",p113-151840.csv,"2025-12-10 14:23:29.088121",209
113,galonner,2026,"[[-2026, 1.09], [16, 3.03], [-3, 4.73], [-3, 4.73], [16, 7.15], [-3, 10.89], [0, 13.04]]",p113-151840.csv,"2025-12-10 14:23:29.088121",210
113,gaspillages,2038,"[[-2038, 1.62], [-102, 4.01], [-218, 5.09], [-54, 5.57], [-5, 5.81], [43, 6.08], [43, 8.37], [-16, 11.66], [7, 14.13], [-2, 16.2], [0, 17.51]]",p113-151840.csv,"2025-12-10 14:23:29.088121",211
113,rouillures,4065,"[[-4065, 1.24], [-319, 3.0], [-735, 3.46], [-280, 3.66], [-276, 3.74], [-223, 5.29], [-144, 6.05], [-129, 6.08], [20, 7.29], [-38, 8.95], [-35, 10.38], [2, 15.31], [0, 16.53]]",p113-151840.csv,"2025-12-10 14:23:29.088121",212
113,voiture,4854,"[[-4854, 1.45], [-90, 2.49], [0, 7.34], [-1, 7.85], [0, 8.14], [-2, 8.56], [-1, 9.11], [-2, 10.22], [-2, 10.22], [0, 11.49]]",p113-151840.csv,"2025-12-10 14:23:29.088121",213
2,dindon,1466,"[[-1466, 1.4], [0, 4.38], [-32, 5.15], [0, 5.85], [-11, 7.63], [-11, 7.63], [2, 13.83], [0, 16.15]]",p2-115156.csv,"2026-01-08 13:58:59.415581",214
2,rouillures,4065,"[[-4065, 2.08], [-223, 8.43], [-276, 8.9], [101, 12.64], [59, 14.73], [-223, 15.6], [-14, 22.62], [1, 27.0], [1, 27.0], [0, 28.25]]",p2-115156.csv,"2026-01-08 13:58:59.415581",215
2,récurrence,3783,"[[142, 3.75], [69, 4.4], [69, 5.15], [59, 7.54], [-6, 22.42], [-6, 22.42], [0, 25.67]]",p2-115156.csv,"2026-01-08 13:58:59.415581",216
2,vestiaires,4780,"[[-4684, 0.77], [-4576, 2.83], [-17, 10.74], [3, 15.47], [0, 17.8]]",p2-115156.csv,"2026-01-08 13:58:59.415581",217
2,raison,3691,"[[77, 4.63], [15, 7.38], [0, 13.12]]",p2-115156.csv,"2026-01-08 13:58:59.415581",218
2,voiture,4854,"[[-4854, 1.02], [-4660, 1.02], [-4493, 3.5], [-81, 10.9], [-25, 20.42], [-287, 20.42], [-286, 20.42], [-404, 25.22], [-395, 25.35], [-7, 30.3], [0, 32.65]]",p2-115156.csv,"2026-01-08 13:58:59.415581",219
2,guerre,2122,"[[-1958, 0.58], [-1761, 2.08], [34, 5.88], [-102, 7.3], [-7, 11.18], [3, 11.87], [3, 12.45], [840, 12.83], [-70, 14.82], [3, 16.47], [3, 17.93], [3, 20.57], [8, 22.63], [8, 22.63], [0, 25.0]]",p2-115156.csv,"2026-01-08 13:58:59.415581",220
2,gaspillages,2038,"[[673, 6.47], [-206, 7.5], [-206, 7.7], [-342, 8.38], [24, 11.32], [14, 11.32], [-7, 13.94], [-7, 13.94], [1, 17.54], [1, 17.54]]",p2-115156.csv,"2026-01-08 13:58:59.415581",221
2,galonner,2026,"[[-2026, 1.12], [36, 4.65], [-6, 5.35], [5, 6.27], [5, 6.83], [15, 8.03], [5, 8.03], [-6, 10.05], [15, 10.05], [120, 11.48], [130, 11.6], [-100, 12.28], [-79, 12.83], [-299, 13.48], [57, 14.28], [-6, 17.18], [-6, 17.18], [0, 20.58]]",p2-115156.csv,"2026-01-08 13:58:59.415581",222
2,vulvaires,4883,"[[-89, 5.0], [-78, 5.43], [-26, 8.25], [-560, 8.56], [-5, 15.19], [-4, 17.24], [-3, 18.57], [0, 21.02]]",p2-115156.csv,"2026-01-08 13:58:59.415581",223
2,damasquinerie,1213,"[[-1213, 1.03], [985, 3.98], [-93, 4.78], [22, 6.05], [54, 6.28], [-30, 7.0], [12, 8.58], [12, 10.64], [-1, 15.72]]",p2-115156.csv,"2026-01-08 13:58:59.415581",224
2,dame,1214,"[[94, 2.77], [-94, 3.37], [0, 6.42], [11, 7.12], [11, 8.92], [11, 8.92], [-2, 12.17], [0, 13.7]]",p2-115156.csv,"2026-01-08 13:58:59.415581",225
3,gaspillages,2038,"[[-2038, 2.37], [3, 3.85], [-39, 4.43], [24, 5.03], [3, 6.59], [-4, 7.94], [1, 9.64], [0, 10.8]]",p3-143142.csv,"2026-01-08 13:59:17.226262",226
3,damasquinerie,1213,"[[-589, 1.6], [-574, 1.75], [33, 4.53], [1, 5.97], [22, 7.39], [22, 7.39], [5, 9.22], [8, 9.78], [-1, 11.44], [1, 11.99], [0, 13.03]]",p3-143142.csv,"2026-01-08 13:59:17.226262",227
3,dindon,1466,"[[-807, 0.7], [-803, 1.23], [20, 8.54], [20, 8.54], [-1, 14.01]]",p3-143142.csv,"2026-01-08 13:59:17.226262",228
3,galonner,2026,"[[162, 1.58], [-68, 1.88], [130, 2.43], [47, 3.17], [57, 3.63], [-2, 7.16], [0, 8.47]]",p3-143142.csv,"2026-01-08 13:59:17.226262",229
3,vulvaires,4883,"[[-4883, 2.05], [-1240, 3.05], [-1523, 3.63], [-999, 4.9], [-2004, 7.33], [-162, 13.25], [-443, 13.25], [-1565, 18.62], [-895, 26.17], [-947, 26.7], [-99, 35.61], [-99, 35.61], [-104, 36.42], [-38, 43.69], [-39, 44.48], [-30, 45.57], [-32, 46.06], [-29, 46.68], [-48, 48.8], [-8, 53.9], [-11, 54.42], [3, 55.95], [-1, 57.06]]",p3-143142.csv,"2026-01-08 13:59:17.226262",230
3,dame,1214,"[[63, 3.0], [-21, 4.44], [1, 7.43], [-1, 8.0]]",p3-143142.csv,"2026-01-08 13:59:17.226262",231
3,récurrence,3783,"[[111, 2.7], [-11, 10.72], [-8, 12.61], [-4, 13.86], [-5, 14.12], [1, 15.7]]",p3-143142.csv,"2026-01-08 13:59:17.226262",235
3,raison,3691,"[[67, 2.28], [67, 2.28], [49, 5.28], [-205, 5.3], [-208, 5.78], [-205, 5.95], [36, 8.12], [25, 9.38], [0, 13.2], [1, 13.7]]",p3-143142.csv,"2026-01-08 13:59:17.226262",236
3,vestiaires,4780,"[[-4780, 1.1], [-1221, 1.82], [-1221, 2.5], [25, 5.98], [-17, 8.2], [-17, 8.2], [1, 11.58]]",p3-143142.csv,"2026-01-08 13:59:17.226262",237
3,guerre,2122,"[[495, 1.95], [338, 3.32], [380, 4.35], [-133, 5.37], [-49, 8.23], [-70, 9.02], [3, 11.65], [-55, 18.04], [-54, 19.19], [5, 25.27], [1, 25.95], [2, 26.28]]",p3-143142.csv,"2026-01-08 13:59:17.226262",238
3,rouillures,4065,"[[-4065, 1.17], [-503, 2.37], [-533, 2.37], [-533, 3.58], [-516, 3.87], [-223, 4.52], [-265, 5.4], [38, 8.83], [7, 10.46], [-1, 12.59]]",p3-143142.csv,"2026-01-08 13:59:17.226262",239
3,voiture,4854,"[[-4854, 1.07], [-1497, 3.22], [-1566, 3.22], [-1566, 4.22], [-1283, 4.22], [-1234, 4.82], [-1222, 4.88], [-102, 9.28], [-112, 9.78], [-81, 10.77], [-81, 11.13], [4, 18.67], [-2, 19.74]]",p3-143142.csv,"2026-01-08 13:59:17.226262",240
4,gaspillages,2038,"[[-2038, 1.3], [139, 3.77], [-1096, 5.28], [-1012, 6.7], [-1117, 9.1], [-1106, 9.1], [924, 13.87], [77, 15.72], [537, 17.42], [181, 18.65], [171, 18.9], [66, 20.08], [77, 21.25], [-7, 27.0], [-7, 27.0], [1, 29.59], [0, 30.8]]",p4-143902.csv,"2026-01-08 13:59:46.451119",241
4,rouillures,4065,"[[-4065, 3.02], [-3940, 3.02], [-3831, 5.1], [-181, 9.57], [-162, 12.69], [-162, 12.69], [-164, 13.35], [-133, 19.83], [-119, 20.25], [28, 22.78], [-14, 24.42], [-14, 24.42], [-1, 28.39], [0, 30.23]]",p4-143902.csv,"2026-01-08 13:59:46.451119",242
4,guerre,2122,"[[-2122, 1.47], [-1938, 1.47], [-1752, 3.55], [3, 6.5], [-49, 7.13], [-39, 7.95], [-39, 8.52], [-28, 10.38], [7, 15.02], [7, 15.02], [0, 17.43], [1, 18.69], [1, 18.69], [-1, 19.6], [0, 21.12]]",p4-143902.csv,"2026-01-08 13:59:46.451119",243
4,dame,1214,"[[-1214, 1.6], [-1089, 1.6], [-961, 3.65], [178, 7.77], [168, 7.77], [11, 11.82], [21, 13.58], [21, 13.58], [20, 14.6], [-1, 18.89], [0, 20.12]]",p4-143902.csv,"2026-01-08 13:59:46.451119",244
4,galonner,2026,"[[-1862, 0.98], [-1714, 2.98], [204, 4.57], [89, 6.37], [-16, 9.22], [26, 10.02], [5, 11.73], [5, 11.73], [6, 12.56], [-3, 14.46], [0, 16.57]]",p4-143902.csv,"2026-01-08 13:59:46.451119",245
4,vestiaires,4780,"[[-4780, 1.33], [-4616, 1.33], [-4615, 1.62], [-4616, 1.62], [-4429, 2.52], [-1137, 8.32], [-1199, 8.32], [-1189, 8.6], [-90, 11.58], [-195, 12.4], [35, 14.48], [25, 14.48], [25, 15.1], [46, 16.18], [-28, 18.27], [-36, 20.92], [4, 32.16], [4, 32.16], [0, 35.23]]",p4-143902.csv,"2026-01-08 13:59:46.451119",246
4,voiture,4854,"[[-4854, 1.05], [-4699, 1.05], [-4493, 1.95], [-834, 4.23], [-897, 4.52], [-719, 5.82], [-795, 5.82], [-782, 6.08], [-70, 7.78], [-154, 9.58], [-91, 11.53], [-81, 12.12], [-81, 12.57], [-39, 13.93], [-39, 14.77], [-7, 16.56], [1, 19.03], [0, 20.18]]",p4-143902.csv,"2026-01-08 13:59:46.451119",247
4,raison,3691,"[[-3691, 1.02], [-1472, 2.38], [-1556, 3.07], [130, 6.5], [46, 6.5], [-6, 9.81], [-6, 9.81], [1, 12.61], [0, 13.7]]",p4-143902.csv,"2026-01-08 13:59:46.451119",248
4,damasquinerie,1213,"[[-1213, 1.63], [-1019, 1.63], [-930, 4.23], [253, 5.32], [190, 5.73], [221, 6.15], [-9, 9.63], [54, 10.75], [4, 17.11], [-1, 18.79], [0, 20.28]]",p4-143902.csv,"2026-01-08 13:59:46.451119",249
4,récurrence,3783,"[[-3638, 0.9], [-3644, 3.02], [-3442, 3.02], [1095, 4.07], [603, 6.57], [624, 7.25], [153, 13.62], [-35, 15.7], [-5, 19.61], [0, 22.25]]",p4-143902.csv,"2026-01-08 13:59:46.451119",250
4,vulvaires,4883,"[[-4883, 1.05], [-5, 2.05], [-162, 2.83], [6, 15.28], [-2, 16.97], [-1, 17.59], [-4, 18.89], [0, 21.3]]",p4-143902.csv,"2026-01-08 13:59:46.451119",251
4,dindon,1466,"[[167, 4.58], [52, 7.57], [52, 8.16], [-3, 16.62], [0, 18.53]]",p4-143902.csv,"2026-01-08 13:59:46.451119",252
5,damasquinerie,1213,"[[-1213, 1.38], [-228, 2.96], [114, 4.92], [114, 4.92], [-130, 13.03], [-130, 13.03], [-118, 16.16], [202, 17.19], [202, 17.19], [187, 21.54], [309, 21.54], [294, 21.76], [-51, 24.97], [12, 27.96], [12, 27.96], [-2, 31.89], [1, 32.9]]",p5-164832.csv,"2026-01-08 14:00:15.451008",253
5,guerre,2122,"[[-2122, 1.52], [87, 2.63], [-489, 3.62], [-288, 6.21], [-280, 6.25], [-39, 8.55], [-60, 11.37], [-60, 11.37], [-73, 12.54], [-70, 12.75], [-7, 16.76], [1, 18.89], [-1, 19.81], [0, 21.09]]",p5-164832.csv,"2026-01-08 14:00:15.451008",254
5,voiture,4854,"[[-257, 8.28], [-443, 8.28], [-437, 8.54], [-91, 14.09], [-91, 14.09], [-94, 15.22], [-70, 20.64], [-317, 20.64], [-316, 20.64], [-245, 29.3], [-453, 29.3], [-447, 29.33], [-18, 30.67], [-18, 31.75], [-18, 31.75], [2, 35.99], [-2, 37.67], [2, 39.11], [0, 40.63]]",p5-164832.csv,"2026-01-08 14:00:15.451008",255
5,rouillures,4065,"[[-841, 1.71], [-830, 1.84], [-537, 2.15], [-1260, 2.89], [-192, 5.72], [-213, 7.92], [-317, 8.4], [7, 11.65], [11, 13.0], [9, 13.7], [11, 14.38], [2, 16.54], [3, 17.8], [7, 19.19], [-1, 21.54], [0, 23.47]]",p5-164832.csv,"2026-01-08 14:00:15.451008",256
5,dame,1214,"[[-1214, 1.26], [94, 3.5], [94, 3.5], [93, 5.06], [93, 6.21], [84, 6.21], [-21, 9.19], [-21, 9.19], [-13, 11.47], [94, 12.61], [-4, 15.98], [-4, 17.85], [1, 19.95], [0, 21.07]]",p5-164832.csv,"2026-01-08 14:00:15.451008",257
5,récurrence,3783,"[[-602, 2.58], [-1110, 2.58], [-1114, 2.86], [48, 4.66], [-4, 6.71], [-6, 8.67], [-6, 8.67], [1, 11.33]]",p5-164832.csv,"2026-01-08 14:00:15.451008",258
5,gaspillages,2038,"[[714, 1.82], [-87, 1.83], [-196, 2.84], [35, 4.34], [14, 5.85], [-49, 6.4], [14, 8.97], [14, 8.97], [-1, 13.16]]",p5-164832.csv,"2026-01-08 14:00:15.451008",259
5,dindon,1466,"[[-178, 2.15], [-168, 2.3], [-95, 2.72], [-95, 4.02], [-84, 4.02], [-32, 4.65], [-32, 6.28], [-32, 6.28], [3, 16.98], [0, 18.75]]",p5-164832.csv,"2026-01-08 14:00:15.451008",260
5,galonner,2026,"[[140, 2.1], [-377, 2.1], [-362, 2.3], [455, 3.43], [413, 4.42], [413, 4.76], [57, 7.86], [57, 8.5], [-16, 10.26], [5, 11.92], [19, 16.16], [19, 16.16], [-1, 22.0]]",p5-164832.csv,"2026-01-08 14:00:15.451008",261
5,raison,3691,"[[98, 8.17], [36, 10.69], [36, 10.69], [37, 11.27], [30, 14.73], [30, 14.73], [31, 16.27], [31, 16.27], [4, 25.55], [1, 27.36], [-1, 28.41], [0, 29.42]]",p5-164832.csv,"2026-01-08 14:00:15.451008",262
5,vulvaires,4883,"[[-4748, 0.91], [-4783, 6.19], [-4620, 6.19], [-4621, 6.36], [-4611, 6.37], [-141, 12.51], [-246, 13.25], [-297, 16.33], [-297, 17.9], [-258, 17.9], [-385, 20.28], [-371, 20.38], [6, 21.35], [-246, 23.16], [6, 24.35], [-99, 26.6], [-89, 26.6], [6, 29.91], [-82, 29.91], [-81, 29.92], [-1, 48.25], [-1, 48.25], [-3, 50.11], [-3, 50.11], [1, 51.62], [0, 52.72]]",p5-164832.csv,"2026-01-08 14:00:15.451008",263
5,vestiaires,4780,"[[-672, 2.74], [41, 9.95], [-67, 9.95], [-66, 9.95], [-23, 18.31], [-23, 18.31], [-39, 21.42], [6, 31.33], [0, 34.26]]",p5-164832.csv,"2026-01-08 14:00:15.451008",264
6,dindon,1466,"[[-1466, 1.17], [-503, 1.71], [-545, 2.09], [-147, 4.79], [0, 8.98]]",p6-165838.csv,"2026-01-08 14:01:45.723963",267
6,vulvaires,4883,"[[-99, 15.93], [-110, 18.21], [-110, 18.21], [-63, 28.45], [-277, 28.45], [-276, 28.45], [-297, 31.13], [-296, 31.13], [-385, 32.74], [-371, 33.04], [-57, 36.13], [6, 37.75], [-183, 41.86], [-47, 47.41], [-36, 48.84], [-19, 52.75], [-19, 52.75], [-22, 53.7], [-1, 59.05], [-1, 59.05], [-2, 60.19], [-2, 60.19], [0, 61.82]]",p6-165838.csv,"2026-01-08 14:01:45.723963",268
6,galonner,2026,"[[-2026, 1.37], [68, 4.71], [-16, 6.71], [-6, 9.27], [2, 11.33], [0, 13.42]]",p6-165838.csv,"2026-01-08 14:01:45.723963",271
6,récurrence,3783,"[[-15, 7.24], [-35, 8.89], [-56, 10.03], [-46, 10.03], [-35, 11.96], [-35, 11.96], [-37, 13.21], [-38, 13.8], [-30, 16.5], [-29, 17.09], [-32, 19.11], [-21, 23.86], [-14, 29.54], [-4, 34.09], [-5, 35.93], [-5, 35.94], [0, 39.47]]",p6-165838.csv,"2026-01-08 14:01:45.723963",273
6,vestiaires,4780,"[[-2959, 0.67], [-2948, 0.68], [-635, 6.08], [-635, 7.37], [-467, 7.37], [-545, 8.25], [-530, 8.37], [-330, 11.18], [-321, 11.44], [-48, 16.51], [-38, 17.66], [-29, 21.43], [-7, 27.71], [3, 30.56], [1, 31.65], [7, 33.46], [-1, 36.1], [-1, 36.1], [0, 37.49]]",p6-165838.csv,"2026-01-08 14:01:45.723963",275